Cit‚s;X;Y
;;
;;
;;
;;
;;
;;
;;
;;
;;
Corinth;22.8786143909;37.9056416435
Messene;21.9200475448;37.1753043883
