Cit‚s;X;Y
;;
;;
;;
;;
;;
;;
;;
;;
;;
Sparta;22.4246722824;37.0817824552
Messene;21.9200475448;37.1753043883
