Cites;X;Y
Argos;22.7203802408;37.6310468893
