Cités;X;Y
Athens;23.7239143561;37.9716372547
Megalopolis;22.1263961621;37.414271211
Pella;22.5182247655;40.7543596457
Salamis;23.4843388039;37.9426651222
